timestamp,queryOutputRowCount
1759999863,255
1759999560,280
1759999337,257
1759998967,279
1759998660,321
1759998358,307
1759998073,196
1759997772,202
1759997459,257
1759997158,389
1759996869,862
1759996561,844
1759996266,901
1759995983,665
1759995685,672
1759995358,986
1759995058,1127
1759994766,746
1759994464,842
1759994167,994
1759993856,878
1759993555,463
1759993265,689
1759992955,885
1759992658,765
1759992377,948
1759992089,601
1759991759,555
1759991457,591
1759991171,808
1759990857,808
1759990559,767
1759990256,910
1759990013,709
1759989667,765
1759989374,590
1759989054,219
1759988906,240
1759988455,172
1759988156,282
1759987864,220
1759987552,211
1759987260,273
1759986954,338
1759986662,290
1759986358,214
1759986058,249
1759985797,365
1759985460,243
1759985167,215
1759984857,147
1759984693,196
1759984259,225
1759983953,213
1759983655,167
1759983360,239
1759983060,202
1759982788,218
1759982475,261
1759982153,213
1759981852,249
1759981603,255
1759981253,748
1759980983,431
1759980661,351
1759980358,760
1759980058,810
1759979777,857
1759979464,837
1759979188,706
1759978948,688
1759978553,750
1759978262,852
1759977963,709
1759977665,1009
1759977357,636
1759977060,790
1759976763,576
1759976465,575
1759976159,703
1759975869,671
1759975565,529
1759975265,634
1759974987,215
1759974699,215
1759974361,195
1759974056,223
1759973751,250
1759973466,234
1759973156,333
1759972855,498
1759972553,665
1759972259,232
1759971954,129
1759971668,160
1759971365,124
1759971065,174
1759970764,217
1759970453,147
1759970161,158
1759969859,246
1759969572,254
1759969256,172
1759968997,201
1759968656,270
1759968356,297
1759968071,182
1759967757,165
1759967482,200
1759967161,219
1759966857,184
1759966556,171
1759966259,171
1759965959,231
1759965677,320
1759965363,185
1759965072,337
1759964763,348
1759964476,331
1759964157,292
1759963863,405
1759963556,392
1759963295,442
1759962959,472
1759962663,610
1759962359,1079
1759962057,1054
1759961774,1244
1759961467,1443
1759961175,1222
1759960864,454
1759960604,440
1759960280,314
1759959967,374
1759959675,575
1759959414,540
1759959069,516
1759958759,354
1759958466,445
1759958186,303
1759957894,395
1759957575,397
1759957259,402
1759956967,527
1759956663,559
1759956372,600
1759956072,591
1759955759,541
1759955469,390
1759955161,347
1759954863,316
1759954573,470
1759954258,398
1759953956,491
1759953674,432
1759953367,373
1759953064,458
1759952791,497
1759952464,589
1759952158,587
1759951866,716
1759951568,1168
1759951272,600
1759951064,523
1759950664,432
1759950360,705
1759950092,727
1759949778,558
1759949462,635
1759949186,477
1759948894,536
1759948570,655
1759948269,794
1759947964,606
1759947684,610
1759947418,569
1759947060,614
1759946770,365
1759946473,405
1759946174,431
1759945878,517
1759945562,591
1759945265,436
1759944963,427
1759944672,449
1759944377,408
1759944089,345
1759943778,380
1759943507,361
1759943181,391
1759942914,741
1759942575,433
1759942310,487
1759941966,453
1759941724,480
1759941378,504
1759941067,618
1759940777,615
1759940483,823
1759940205,728
1759939896,419
1759939579,489
1759939393,461
1759938979,516
1759938677,618
1759938400,932
1759938058,514
1759937827,314
1759937631,436
1759937392,1101
1759937167,829
1759936573,756
1759936268,907
1759935993,437
1759935790,419
1759935563,457
1759935294,1570
1759934573,83880
1759871763,534
1759871464,411
1759871188,456
1759870875,475
1759870563,444
1759870259,427
1759869970,494
1759869668,510
1759869355,482
1759869071,455
1759868761,421
1759868473,563
1759868167,448
1759867875,413
1759867636,431
1759867308,473
1759866969,390
1759866664,515
1759866370,576
1759866065,634
1759865787,562
1759865525,803
1759865178,650
1759864863,582
1759864570,580
1759864265,509
1759863975,468
1759863678,730
1759863411,830
1759863065,812
1759862806,660
1759862467,673
1759862168,908
1759861872,1097
1759861566,1055
1759861270,758
1759860969,747
1759860665,749
1759860378,750
1759860165,993
1759859777,648
1759859477,541
1759859167,566
1759858873,339
1759858742,683
1759858371,1978
1759857391,764
1759857073,750
1759856785,537
1759856476,594
1759856170,687
1759855866,526
1759855575,438
1759855277,519
1759854970,575
1759854679,651
1759854362,563
1759854072,311
1759853910,641
1759853459,308
1759853236,752
1759852882,549
1759852586,620
1759852326,518
1759852008,486
1759851671,522
1759851367,605
1759851075,753
1759850771,359
1759850613,565
1759850281,684
1759849861,561
1759849597,693
1759849285,577
1759848973,643
1759848664,678
1759848366,637
1759848151,604
1759847790,873
1759847530,646
1759847176,764
1759846886,839
1759846629,670
1759846291,834
1759845987,1142
1759845688,850
1759845453,612
1759845059,689
1759844765,745
1759844479,847
1759844178,690
1759843894,907
1759843565,1080
1759843283,977
1759843032,667
1759842661,499
1759842370,517
1759842073,907
1759841774,755
1759841463,921
1759841164,836
1759840877,888
1759840578,820
1759840292,892
1759840036,781
1759839759,764
1759839554,1753
1759839071,1447
1759838781,1245
1759838487,982
1759838198,823
1759837873,657
1759837566,1042
1759837285,831
1759836987,673
1759836671,984
1759836360,1171
1759836067,958
1759835805,900
1759835463,756
1759835174,847
1759834918,886
1759834565,870
1759834257,477
1759833971,493
1759833667,528
1759833405,742
1759833076,842
1759832787,639
1759832460,439
1759832162,492
1759831861,519
1759831553,344
1759831264,498
1759830958,620
1759830657,562
1759830393,447
1759830059,419
1759829762,331
1759829456,348
1759829167,568
1759828859,481
1759828589,470
1759828265,387
1759827954,325
1759827666,253
1759827366,266
